			
			
[IndexKit]			
Name	combi_DualIndex_kits		
DisplayName	combi_DualIndex_kits		
Description	combination of different adapter kits (E7600, E7780)		
IndexStrategy	All		
			
[Resources]			
Name	Type	Format	Value
Adapter	Adapter	string	AGATCGGAAGAGCACACGTCTGAACTCCAGTCA
AdapterRead2	AdapterRead2	string	AGATCGGAAGAGCGTCGTGTAGGGAAAGAGTGT
			
[Indices]			
Name	Sequence	IndexReadNumber	
i701	ATTACTCG	1	
i702	TCCGGAGA	1	
i703	CGCTCATT	1	
i704	GAGATTCC	1	
i705	ATTCAGAA	1	
i706	GAATTCGT	1	
i707	CTGAAGCT	1	
i708	TAATGCGC	1	
i709	CGGCTATG	1	
i710	TCCGCGAA	1	
i711	TCTCGCGC	1	
i712	AGCGATAG	1	
i713	TTCCTCCT	1	
i714	TGCTTGCT	1	
i715	GGTGATGA	1	
i716	AACCTACG	1	
i717	GGATCTGA	1	
i718	TGATCACG	1	
i719	AAGCGACT	1	
i720	AAGCGTTC	1	
i721	AAGGCGTA	1	
i722	CTGATGAG	1	
i723	GCAGAAGA	1	
i724	AATCCAGC	1	
i501	TATAGCCT	2	
i502	ATAGAGGC	2	
i503	CCTATCCT	2	
i504	GGCTCTGA	2	
i505	AGGCGAAG	2	
i506	TAATCTTA	2	
i507	CAGGACGT	2	
i508	GTACTGAC	2	
i509	TTGCTTGC	2	
i510	GAGAGGTT	2	
i511	ACCTGGTT	2	
i512	AAGCGGAA	2	
i513	CGGAACAA	2	
i514	GGTAAGCT	2	
i515	TGTGGCAT	2	
i516	ACTACGGA	2	
